exid	cond	libid	fpath
B222	1min	JC215	/media/MiSo/GPSeq/bed_files/BICRO222_JC215_1min_CATCACGC_GG__cutsiteLoc-umiCount.bed.gz
B222	2min	JC216	/media/MiSo/GPSeq/bed_files/BICRO222_JC216_2min_ACGACCGC_GG__cutsiteLoc-umiCount.bed.gz
B222	5min	JC217	/media/MiSo/GPSeq/bed_files/BICRO222_JC217_5min_GTCGTCGC_GG__cutsiteLoc-umiCount.bed.gz
B222	10min	JC218	/media/MiSo/GPSeq/bed_files/BICRO222_JC218_10min_TGATGCGC_GG__cutsiteLoc-umiCount.bed.gz
B222	30min	JC219	/media/MiSo/GPSeq/bed_files/BICRO222_JC219_30min_GTCGTATC_GG__cutsiteLoc-umiCount.bed.gz
B222	1h	JC220	/media/MiSo/GPSeq/bed_files/BICRO222_JC220_1h_CATCAATC_GG__cutsiteLoc-umiCount.bed.gz
B223	1min	JC209	/media/MiSo/GPSeq/bed_files/BICRO223_JC209_1min_GG__cutsiteLoc-umiCount.bed.gz
B223	2min	JC210	/media/MiSo/GPSeq/bed_files/BICRO223_JC210_2min_GG__cutsiteLoc-umiCount.bed.gz
B223	5min	JC211	/media/MiSo/GPSeq/bed_files/BICRO223_JC211_5min_GG__cutsiteLoc-umiCount.bed.gz
B223	10min	JC212	/media/MiSo/GPSeq/bed_files/BICRO223_JC212_10min_GG__cutsiteLoc-umiCount.bed.gz
B223	30min	JC213	/media/MiSo/GPSeq/bed_files/BICRO223_JC213_30min_GG__cutsiteLoc-umiCount.bed.gz
B223	1h	JC214	/media/MiSo/GPSeq/bed_files/BICRO223_JC214_1h_GG__cutsiteLoc-umiCount.bed.gz
